Project,FPGA_Part,FPGA_Family,Technology,Strategy,Clock_Constraint_ns,LUTs,FFs,Slices,DSPs,BRAMs,WNS_ns,Data_Path_Delay_ns,Logic_Delay_ns,Route_Delay_ns,Levels,Fmax_MHz,Synth_Time_s,Impl_Time_s,Total_Time_s,Status
mult_mod_3329_3x3_arc_1_2_,xc7k70tfbg484-3,Kintex-7,28nm,Default_NoClock,0,290,0,88,0,0,N/A,16.074,6.283,9.791,27,62.21,42,65,119,OK
mult_mod_3329_3x3_arc_1_2_,xc7k70tfbg484-3,Kintex-7,28nm,Area_NoClock,0,288,0,84,0,0,N/A,15.735,6.194,9.541,24,63.55,42,69,123,OK
mult_mod_3329_3x3_arc_1_2_,xc7k70tfbg484-3,Kintex-7,28nm,Speed_NoClock,0,299,0,87,0,0,N/A,15.068,5.766,9.302,25,66.37,42,63,118,OK
mult_mod_3329_2x2_arc_3_1_4,xc7k70tfbg484-3,Kintex-7,28nm,Default_NoClock,0,318,0,92,0,0,N/A,15.637,5.942,9.695,26,63.95,42,68,121,OK
mult_mod_3329_2x2_arc_3_1_4,xc7k70tfbg484-3,Kintex-7,28nm,Area_NoClock,0,291,0,85,0,0,N/A,15.737,6.283,9.454,29,63.54,43,68,123,OK
mult_mod_3329_2x2_arc_3_1_4,xc7k70tfbg484-3,Kintex-7,28nm,Speed_NoClock,0,376,0,111,0,0,N/A,15.759,5.825,9.933,26,63.46,42,65,122,OK
mult_mod_3329_2x2_arc_3_2_3,xc7k70tfbg484-3,Kintex-7,28nm,Default_NoClock,0,306,0,90,0,0,N/A,14.811,5.29,9.521,22,67.52,43,65,121,OK
mult_mod_3329_2x2_arc_3_2_3,xc7k70tfbg484-3,Kintex-7,28nm,Area_NoClock,0,273,0,80,0,0,N/A,15.495,5.732,9.763,28,64.54,43,64,119,OK
mult_mod_3329_2x2_arc_3_2_3,xc7k70tfbg484-3,Kintex-7,28nm,Speed_NoClock,0,373,0,105,0,0,N/A,14.688,5.226,9.462,24,68.08,42,69,126,OK
mult_mod_3329_2x2_arc_3_2_4_st_exact_6_lut,xc7k70tfbg484-3,Kintex-7,28nm,Default_NoClock,0,319,0,86,0,0,N/A,14.338,5.383,8.955,23,69.74,42,67,121,OK
mult_mod_3329_2x2_arc_3_2_4_st_exact_6_lut,xc7k70tfbg484-3,Kintex-7,28nm,Area_NoClock,0,291,0,88,0,0,N/A,15.151,5.593,9.558,23,66,44,65,121,OK
mult_mod_3329_2x2_arc_3_2_4_st_exact_6_lut,xc7k70tfbg484-3,Kintex-7,28nm,Speed_NoClock,0,381,0,107,0,0,N/A,14.598,5.274,9.324,23,68.5,42,63,118,OK
mult_mod_3329_2x2_arc_3_1_3_st,xc7k70tfbg484-3,Kintex-7,28nm,Default_NoClock,0,313,0,89,0,0,N/A,15.875,5.659,10.216,24,62.99,44,65,121,OK
mult_mod_3329_2x2_arc_3_1_3_st,xc7k70tfbg484-3,Kintex-7,28nm,Area_NoClock,0,291,0,85,0,0,N/A,15.951,5.968,9.983,27,62.69,45,70,129,OK
mult_mod_3329_2x2_arc_3_1_3_st,xc7k70tfbg484-3,Kintex-7,28nm,Speed_NoClock,0,381,0,111,0,0,N/A,15.165,5.23,9.935,25,65.94,42,68,125,OK
mult_mod_3329_3x3_arc_2_new_st_exact,xc7k70tfbg484-3,Kintex-7,28nm,Default_NoClock,0,292,0,88,0,0,N/A,13.735,5.764,7.972,22,72.81,42,68,121,OK
mult_mod_3329_3x3_arc_2_new_st_exact,xc7k70tfbg484-3,Kintex-7,28nm,Area_NoClock,0,276,0,81,0,0,N/A,13.746,5.461,8.285,22,72.75,41,62,114,OK
mult_mod_3329_3x3_arc_2_new_st_exact,xc7k70tfbg484-3,Kintex-7,28nm,Speed_NoClock,0,268,0,78,0,0,N/A,13.265,5.506,7.759,18,75.39,43,67,122,OK
mult_mod_3329_2x2_arc_4_4,xc7k70tfbg484-3,Kintex-7,28nm,Default_NoClock,0,287,0,87,0,0,N/A,17.14,6.603,10.538,29,58.34,40,62,113,OK
mult_mod_3329_2x2_arc_4_4,xc7k70tfbg484-3,Kintex-7,28nm,Area_NoClock,0,254,0,75,0,0,N/A,17.545,7.138,10.407,32,57,41,67,119,OK
mult_mod_3329_2x2_arc_4_4,xc7k70tfbg484-3,Kintex-7,28nm,Speed_NoClock,0,340,0,101,0,0,N/A,16.695,6.405,10.291,29,59.9,42,63,118,OK
mult_mod_3329_2x2_arc_3_2_4_st,xc7k70tfbg484-3,Kintex-7,28nm,Default_NoClock,0,319,0,95,0,0,N/A,15.288,5.629,9.66,23,65.41,41,63,115,OK
mult_mod_3329_2x2_arc_3_2_4_st,xc7k70tfbg484-3,Kintex-7,28nm,Area_NoClock,0,291,0,83,0,0,N/A,15.573,5.354,10.219,23,64.21,42,63,116,OK
mult_mod_3329_2x2_arc_3_2_4_st,xc7k70tfbg484-3,Kintex-7,28nm,Speed_NoClock,0,381,0,106,0,0,N/A,14.268,5.302,8.966,24,70.09,41,63,117,OK
mult_mod_3329_3x4_arc_1_2,xc7k70tfbg484-3,Kintex-7,28nm,Default_NoClock,0,353,0,101,0,0,N/A,13.995,5.328,8.667,21,71.45,47,62,120,OK
mult_mod_3329_3x4_arc_1_2,xc7k70tfbg484-3,Kintex-7,28nm,Area_NoClock,0,340,0,95,0,0,N/A,14.733,5.374,9.359,22,67.87,52,63,127,OK
mult_mod_3329_3x4_arc_1_2,xc7k70tfbg484-3,Kintex-7,28nm,Speed_NoClock,0,358,0,100,0,0,N/A,13.87,5.053,8.817,17,72.1,47,67,127,OK
mult_mod_3329_4x4_arc_2,xc7k70tfbg484-3,Kintex-7,28nm,Default_NoClock,0,433,0,117,0,0,N/A,14.248,4.99,9.257,18,70.19,48,63,122,OK
mult_mod_3329_4x4_arc_2,xc7k70tfbg484-3,Kintex-7,28nm,Area_NoClock,0,425,0,117,0,0,N/A,15.103,5.387,9.717,20,66.21,59,69,139,OK
mult_mod_3329_4x4_arc_2,xc7k70tfbg484-3,Kintex-7,28nm,Speed_NoClock,0,440,0,120,0,0,N/A,14.615,5.13,9.485,19,68.42,49,63,125,OK
mult_mod_3329_3x3_arc_1_st_exact_3_lut,xc7k70tfbg484-3,Kintex-7,28nm,Default_NoClock,0,292,0,83,0,0,N/A,14.476,5.799,8.677,22,69.08,41,63,115,OK
mult_mod_3329_3x3_arc_1_st_exact_3_lut,xc7k70tfbg484-3,Kintex-7,28nm,Area_NoClock,0,279,0,82,0,0,N/A,14.122,5.556,8.565,22,70.81,43,62,117,OK
mult_mod_3329_3x3_arc_1_st_exact_3_lut,xc7k70tfbg484-3,Kintex-7,28nm,Speed_NoClock,0,294,0,85,0,0,N/A,14.363,5.712,8.651,21,69.62,42,63,118,OK
mult_mod_3329_3x4_arc_2_2,xc7k70tfbg484-3,Kintex-7,28nm,Default_NoClock,0,352,0,99,0,0,N/A,14.172,5.457,8.715,20,70.56,48,69,128,OK
mult_mod_3329_3x4_arc_2_2,xc7k70tfbg484-3,Kintex-7,28nm,Area_NoClock,0,343,0,97,0,0,N/A,15.144,5.311,9.832,21,66.03,50,63,123,OK
mult_mod_3329_3x4_arc_2_2,xc7k70tfbg484-3,Kintex-7,28nm,Speed_NoClock,0,347,0,99,0,0,N/A,14.289,5.345,8.944,22,69.98,48,67,127,OK
mult_mod_3329_2x2_arc_1,xc7k70tfbg484-3,Kintex-7,28nm,Default_NoClock,0,263,0,82,0,0,N/A,16.666,6.361,10.305,33,60,42,67,121,OK
mult_mod_3329_2x2_arc_1,xc7k70tfbg484-3,Kintex-7,28nm,Area_NoClock,0,250,0,75,0,0,N/A,15.933,6.487,9.446,30,62.76,42,67,121,OK
mult_mod_3329_2x2_arc_1,xc7k70tfbg484-3,Kintex-7,28nm,Speed_NoClock,0,292,0,86,0,0,N/A,15.753,6.026,9.727,29,63.48,41,68,123,OK
mult_mod_3329_3x3_arc_1_st_exact_6_lut,xc7k70tfbg484-3,Kintex-7,28nm,Default_NoClock,0,292,0,83,0,0,N/A,13.991,5.667,8.324,23,71.47,40,63,115,OK
mult_mod_3329_3x3_arc_1_st_exact_6_lut,xc7k70tfbg484-3,Kintex-7,28nm,Area_NoClock,0,279,0,81,0,0,N/A,14.007,5.572,8.435,23,71.39,41,67,119,OK
mult_mod_3329_3x3_arc_1_st_exact_6_lut,xc7k70tfbg484-3,Kintex-7,28nm,Speed_NoClock,0,294,0,87,0,0,N/A,14.565,5.508,9.057,22,68.66,42,63,117,OK
mult_mod_3329_3x3_arc_2_new,xc7k70tfbg484-3,Kintex-7,28nm,Default_NoClock,0,292,0,85,0,0,N/A,13.801,5.303,8.498,22,72.46,41,63,115,OK
mult_mod_3329_3x3_arc_2_new,xc7k70tfbg484-3,Kintex-7,28nm,Area_NoClock,0,277,0,84,0,0,N/A,13.7,5.503,8.197,22,72.99,43,63,116,OK
mult_mod_3329_3x3_arc_2_new,xc7k70tfbg484-3,Kintex-7,28nm,Speed_NoClock,0,268,0,78,0,0,N/A,13.23,5.718,7.512,19,75.59,41,63,118,OK
mult_mod_3329_3x3_arc_1_st_exact_5_lut,xc7k70tfbg484-3,Kintex-7,28nm,Default_NoClock,0,292,0,88,0,0,N/A,14.251,5.575,8.676,23,70.17,42,64,117,OK
mult_mod_3329_3x3_arc_1_st_exact_5_lut,xc7k70tfbg484-3,Kintex-7,28nm,Area_NoClock,0,280,0,80,0,0,N/A,14.753,5.487,9.265,22,67.78,42,67,121,OK
mult_mod_3329_3x3_arc_1_st_exact_5_lut,xc7k70tfbg484-3,Kintex-7,28nm,Speed_NoClock,0,293,0,83,0,0,N/A,14.276,5.476,8.8,21,70.05,41,63,117,OK
mult_mod_3329_st,xc7k70tfbg484-3,Kintex-7,28nm,Default_NoClock,0,330,0,98,0,0,N/A,15.656,6.488,9.169,25,63.87,41,63,115,OK
mult_mod_3329_st,xc7k70tfbg484-3,Kintex-7,28nm,Area_NoClock,0,323,0,98,0,0,N/A,16.129,6.521,9.608,28,62,42,63,117,OK
mult_mod_3329_st,xc7k70tfbg484-3,Kintex-7,28nm,Speed_NoClock,0,342,0,100,0,0,N/A,15.429,6.202,9.228,27,64.81,40,63,117,OK
mult_mod_3329_2x2_arc_3_2_4_st_exact_3_lut,xc7k70tfbg484-3,Kintex-7,28nm,Default_NoClock,0,319,0,90,0,0,N/A,14.576,5.383,9.194,22,68.61,42,69,124,OK
mult_mod_3329_2x2_arc_3_2_4_st_exact_3_lut,xc7k70tfbg484-3,Kintex-7,28nm,Area_NoClock,0,290,0,82,0,0,N/A,14.99,5.902,9.087,24,66.71,41,64,116,OK
mult_mod_3329_2x2_arc_3_2_4_st_exact_3_lut,xc7k70tfbg484-3,Kintex-7,28nm,Speed_NoClock,0,381,0,107,0,0,N/A,14.812,5.31,9.502,24,67.51,41,68,122,OK
mult_mod_3329_3x3_arc_1_st_exact,xc7k70tfbg484-3,Kintex-7,28nm,Default_NoClock,0,292,0,86,0,0,N/A,13.679,5.769,7.91,23,73.1,42,64,117,OK
mult_mod_3329_3x3_arc_1_st_exact,xc7k70tfbg484-3,Kintex-7,28nm,Area_NoClock,0,279,0,86,0,0,N/A,14.161,5.148,9.013,20,70.62,42,63,117,OK
mult_mod_3329_3x3_arc_1_st_exact,xc7k70tfbg484-3,Kintex-7,28nm,Speed_NoClock,0,294,0,83,0,0,N/A,14.05,5.575,8.475,21,71.17,42,67,123,OK
mult_mod_3329_2x2_arc_3_1_2,xc7k70tfbg484-3,Kintex-7,28nm,Default_NoClock,0,345,0,102,0,0,N/A,23.106,6.475,16.631,38,43.28,53,64,128,OK
mult_mod_3329_2x2_arc_3_1_2,xc7k70tfbg484-3,Kintex-7,28nm,Area_NoClock,0,311,0,91,0,0,N/A,28.588,7.3,21.288,52,34.98,46,64,122,OK
mult_mod_3329_2x2_arc_3_1_2,xc7k70tfbg484-3,Kintex-7,28nm,Speed_NoClock,0,423,0,119,0,0,N/A,21.534,5.996,15.538,39,46.44,52,62,127,OK
Yaman,xc7k70tfbg484-3,Kintex-7,28nm,Default_NoClock,0,293,0,85,0,0,N/A,13.291,4.786,8.505,19,75.24,41,67,119,OK
Yaman,xc7k70tfbg484-3,Kintex-7,28nm,Area_NoClock,0,294,0,84,0,0,N/A,14.07,5.105,8.965,21,71.07,41,68,121,OK
Yaman,xc7k70tfbg484-3,Kintex-7,28nm,Speed_NoClock,0,319,0,90,0,0,N/A,13.038,4.843,8.195,20,76.7,41,68,122,OK
mult_mod_3329_2x2_arc_3_1_3_st_exact,xc7k70tfbg484-3,Kintex-7,28nm,Default_NoClock,0,314,0,89,0,0,N/A,15.777,5.604,10.173,26,63.38,41,64,117,OK
mult_mod_3329_2x2_arc_3_1_3_st_exact,xc7k70tfbg484-3,Kintex-7,28nm,Area_NoClock,0,292,0,85,0,0,N/A,16.86,5.746,11.114,25,59.31,41,65,118,OK
mult_mod_3329_2x2_arc_3_1_3_st_exact,xc7k70tfbg484-3,Kintex-7,28nm,Speed_NoClock,0,381,0,107,0,0,N/A,14.976,4.728,10.248,22,66.77,42,67,122,OK
mult_mod_3329_2x2_arc_3_2_4,xc7k70tfbg484-3,Kintex-7,28nm,Default_NoClock,0,320,0,97,0,0,N/A,14.751,5.568,9.183,24,67.79,41,67,120,OK
mult_mod_3329_2x2_arc_3_2_4,xc7k70tfbg484-3,Kintex-7,28nm,Area_NoClock,0,288,0,83,0,0,N/A,15.196,5.597,9.599,22,65.81,42,64,118,OK
mult_mod_3329_2x2_arc_3_2_4,xc7k70tfbg484-3,Kintex-7,28nm,Speed_NoClock,0,382,0,105,0,0,N/A,14.508,4.809,9.698,21,68.93,41,68,123,OK
mult_mod_3329_2x2_arc_4_3,xc7k70tfbg484-3,Kintex-7,28nm,Default_NoClock,0,295,0,88,0,0,N/A,16.153,6.338,9.815,28,61.91,41,68,121,OK
mult_mod_3329_2x2_arc_4_3,xc7k70tfbg484-3,Kintex-7,28nm,Area_NoClock,0,255,0,83,0,0,N/A,16.119,6.572,9.547,29,62.04,41,67,121,OK
mult_mod_3329_2x2_arc_4_3,xc7k70tfbg484-3,Kintex-7,28nm,Speed_NoClock,0,336,0,98,0,0,N/A,16.509,6.348,10.161,28,60.57,42,68,123,OK
mult_mod_3329_2x2_arc_3_2_4_st_exact_5_lut,xc7k70tfbg484-3,Kintex-7,28nm,Default_NoClock,0,319,0,90,0,0,N/A,14.66,5.397,9.263,25,68.21,42,67,120,OK
mult_mod_3329_2x2_arc_3_2_4_st_exact_5_lut,xc7k70tfbg484-3,Kintex-7,28nm,Area_NoClock,0,291,0,83,0,0,N/A,15.301,5.085,10.216,21,65.36,42,64,117,OK
mult_mod_3329_2x2_arc_3_2_4_st_exact_5_lut,xc7k70tfbg484-3,Kintex-7,28nm,Speed_NoClock,0,381,0,107,0,0,N/A,14.708,5.291,9.417,23,67.99,41,63,118,OK
mult_mod_3329_3x4_arc_2_1,xc7k70tfbg484-3,Kintex-7,28nm,Default_NoClock,0,352,0,99,0,0,N/A,14.172,5.457,8.715,20,70.56,48,64,123,OK
mult_mod_3329_3x4_arc_2_1,xc7k70tfbg484-3,Kintex-7,28nm,Area_NoClock,0,343,0,97,0,0,N/A,15.144,5.311,9.832,21,66.03,52,64,128,OK
mult_mod_3329_3x4_arc_2_1,xc7k70tfbg484-3,Kintex-7,28nm,Speed_NoClock,0,347,0,99,0,0,N/A,14.289,5.345,8.944,22,69.98,43,61,114,OK
mult_mod_3329_4x4_arc_1,xc7k70tfbg484-3,Kintex-7,28nm,Default_NoClock,0,434,0,121,0,0,N/A,14.642,5.107,9.535,19,68.3,44,56,106,OK
mult_mod_3329_4x4_arc_1,xc7k70tfbg484-3,Kintex-7,28nm,Area_NoClock,0,423,0,116,0,0,N/A,14.842,5.125,9.718,20,67.38,57,60,123,OK
mult_mod_3329_4x4_arc_1,xc7k70tfbg484-3,Kintex-7,28nm,Speed_NoClock,0,444,0,122,0,0,N/A,14.246,5.202,9.044,20,70.2,43,61,111,OK
mult_mod_3329_4x4_arc_1_st_exact_5_lut,xc7k70tfbg484-3,Kintex-7,28nm,Default_NoClock,0,399,0,109,0,0,N/A,13.049,5.448,7.601,19,76.63,43,57,105,OK
mult_mod_3329_4x4_arc_1_st_exact_5_lut,xc7k70tfbg484-3,Kintex-7,28nm,Area_NoClock,0,392,0,108,0,0,N/A,13.67,5.305,8.365,20,73.15,49,61,116,OK
mult_mod_3329_4x4_arc_1_st_exact_5_lut,xc7k70tfbg484-3,Kintex-7,28nm,Speed_NoClock,0,400,0,111,0,0,N/A,13.193,5.414,7.779,19,75.8,42,56,105,OK
mult_mod_3329_4x4_arc_1_st_exact_6_lut,xc7k70tfbg484-3,Kintex-7,28nm,Default_NoClock,0,398,0,110,0,0,N/A,13.549,5.54,8.009,20,73.81,46,72,125,OK
mult_mod_3329_4x4_arc_1_st_exact_6_lut,xc7k70tfbg484-3,Kintex-7,28nm,Area_NoClock,0,391,0,110,0,0,N/A,13.036,5.194,7.842,20,76.71,54,63,130,OK
mult_mod_3329_4x4_arc_1_st_exact_6_lut,xc7k70tfbg484-3,Kintex-7,28nm,Speed_NoClock,0,399,0,108,0,0,N/A,13.272,5.484,7.788,19,75.35,47,57,116,OK
mult_mod_3329_2x2_arc_3_1_3,xc7k70tfbg484-3,Kintex-7,28nm,Default_NoClock,0,314,0,94,0,0,N/A,15.207,5.331,9.876,25,65.76,36,57,99,OK
mult_mod_3329_2x2_arc_3_1_3,xc7k70tfbg484-3,Kintex-7,28nm,Area_NoClock,0,288,0,83,0,0,N/A,15.7,5.617,10.083,26,63.69,38,59,104,OK
mult_mod_3329_2x2_arc_3_1_3,xc7k70tfbg484-3,Kintex-7,28nm,Speed_NoClock,0,382,0,109,0,0,N/A,15.09,5.147,9.943,22,66.27,37,55,99,OK
mult_mod_3329_2x2_arc_3_2_1,xc7k70tfbg484-3,Kintex-7,28nm,Default_NoClock,0,337,0,96,0,0,N/A,21.873,5.981,15.892,35,45.72,47,56,108,OK
mult_mod_3329_2x2_arc_3_2_1,xc7k70tfbg484-3,Kintex-7,28nm,Area_NoClock,0,298,0,90,0,0,N/A,27.984,7.383,20.601,55,35.73,42,57,105,OK
mult_mod_3329_2x2_arc_3_2_1,xc7k70tfbg484-3,Kintex-7,28nm,Speed_NoClock,0,418,0,118,0,0,N/A,21.78,5.463,16.317,34,45.91,47,57,112,OK
mult_mod_3329_2x2_arc_3_1_4_st_exact,xc7k70tfbg484-3,Kintex-7,28nm,Default_NoClock,0,318,0,92,0,0,N/A,15.343,5.989,9.354,27,65.18,36,57,100,OK
mult_mod_3329_2x2_arc_3_1_4_st_exact,xc7k70tfbg484-3,Kintex-7,28nm,Area_NoClock,0,293,0,83,0,0,N/A,15.143,5.796,9.347,25,66.04,36,61,104,OK
mult_mod_3329_2x2_arc_3_1_4_st_exact,xc7k70tfbg484-3,Kintex-7,28nm,Speed_NoClock,0,376,0,106,0,0,N/A,15.535,5.746,9.789,27,64.37,37,61,105,OK
mult_mod_3329_3x3_arc_2_new_exact_all,xc7k70tfbg484-3,Kintex-7,28nm,Default_NoClock,0,284,0,82,0,0,N/A,13.531,5.591,7.939,18,73.9,37,61,104,OK
mult_mod_3329_3x3_arc_2_new_exact_all,xc7k70tfbg484-3,Kintex-7,28nm,Area_NoClock,0,277,0,80,0,0,N/A,13.955,5.605,8.351,22,71.66,38,61,105,OK
mult_mod_3329_3x3_arc_2_new_exact_all,xc7k70tfbg484-3,Kintex-7,28nm,Speed_NoClock,0,260,0,77,0,0,N/A,13.603,5.555,8.048,19,73.51,37,58,103,OK
mult_mod_3329_2x2_arc_4_4_exact_5_lut,xc7k70tfbg484-3,Kintex-7,28nm,Default_NoClock,0,289,0,84,0,0,N/A,16.731,6.319,10.412,27,59.77,38,55,99,OK
mult_mod_3329_2x2_arc_4_4_exact_5_lut,xc7k70tfbg484-3,Kintex-7,28nm,Area_NoClock,0,256,0,81,0,0,N/A,17.44,6.392,11.048,28,57.34,37,55,98,OK
mult_mod_3329_2x2_arc_4_4_exact_5_lut,xc7k70tfbg484-3,Kintex-7,28nm,Speed_NoClock,0,340,0,101,0,0,N/A,17.157,6.439,10.718,29,58.29,36,61,104,OK
mult_mod_3329_2x2_arc_2,xc7k70tfbg484-3,Kintex-7,28nm,Default_NoClock,0,274,0,80,0,0,N/A,15.699,6.211,9.489,30,63.7,36,56,99,OK
mult_mod_3329_2x2_arc_2,xc7k70tfbg484-3,Kintex-7,28nm,Area_NoClock,0,231,0,72,0,0,N/A,17.281,6.763,10.517,32,57.87,37,55,98,OK
mult_mod_3329_2x2_arc_2,xc7k70tfbg484-3,Kintex-7,28nm,Speed_NoClock,0,315,0,91,0,0,N/A,15.64,5.859,9.781,28,63.94,36,55,98,OK
mult_mod_3329_2x2_arc_3_2_2,xc7k70tfbg484-3,Kintex-7,28nm,Default_NoClock,0,356,0,100,0,0,N/A,21.776,6.061,15.715,35,45.92,48,57,111,OK
mult_mod_3329_2x2_arc_3_2_2,xc7k70tfbg484-3,Kintex-7,28nm,Area_NoClock,0,307,0,89,0,0,N/A,28.278,7.161,21.117,51,35.36,42,61,110,OK
mult_mod_3329_2x2_arc_3_2_2,xc7k70tfbg484-3,Kintex-7,28nm,Speed_NoClock,0,429,0,125,0,0,N/A,21.541,5.323,16.218,35,46.42,48,57,112,OK
mult_mod_3329_2x2_arc_4_5_exact_5_lut,xc7k70tfbg484-3,Kintex-7,28nm,Default_NoClock,0,292,0,90,0,0,N/A,16.823,6.095,10.728,28,59.44,35,61,103,OK
mult_mod_3329_2x2_arc_4_5_exact_5_lut,xc7k70tfbg484-3,Kintex-7,28nm,Area_NoClock,0,255,0,81,0,0,N/A,16.932,6.901,10.032,31,59.06,37,55,98,OK
mult_mod_3329_2x2_arc_4_5_exact_5_lut,xc7k70tfbg484-3,Kintex-7,28nm,Speed_NoClock,0,339,0,102,0,0,N/A,16.558,6.732,9.826,32,60.39,36,58,101,OK
mult_mod_3329_2x2_arc_4_1,xc7k70tfbg484-3,Kintex-7,28nm,Default_NoClock,0,291,0,89,0,0,N/A,15.52,6.113,9.407,27,64.43,37,56,99,OK
mult_mod_3329_2x2_arc_4_1,xc7k70tfbg484-3,Kintex-7,28nm,Area_NoClock,0,260,0,80,0,0,N/A,17.245,6.113,11.132,28,57.99,37,55,99,OK
mult_mod_3329_2x2_arc_4_1,xc7k70tfbg484-3,Kintex-7,28nm,Speed_NoClock,0,338,0,103,0,0,N/A,15.084,5.773,9.311,25,66.3,37,59,102,OK
mult_mod_3329_3x3_arc_1,xc7k70tfbg484-3,Kintex-7,28nm,Default_NoClock,0,299,0,87,0,0,N/A,15.445,5.901,9.544,24,64.75,39,56,107,OK
mult_mod_3329_3x3_arc_1,xc7k70tfbg484-3,Kintex-7,28nm,Area_NoClock,0,290,0,87,0,0,N/A,16.065,5.936,10.129,27,62.25,37,61,105,OK
mult_mod_3329_3x3_arc_1,xc7k70tfbg484-3,Kintex-7,28nm,Speed_NoClock,0,301,0,88,0,0,N/A,15.163,6.083,9.08,25,65.95,38,57,102,OK
mult_mod_3329_4x4_arc_1_st_exact_3_lut,xc7k70tfbg484-3,Kintex-7,28nm,Default_NoClock,0,402,0,114,0,0,N/A,13.325,5.042,8.282,18,75.05,44,56,107,OK
mult_mod_3329_4x4_arc_1_st_exact_3_lut,xc7k70tfbg484-3,Kintex-7,28nm,Area_NoClock,0,395,0,110,0,0,N/A,13.76,5.151,8.608,20,72.67,49,61,116,OK
mult_mod_3329_4x4_arc_1_st_exact_3_lut,xc7k70tfbg484-3,Kintex-7,28nm,Speed_NoClock,0,407,0,113,0,0,N/A,13.077,4.762,8.315,17,76.47,44,60,111,OK
mult_mod_3329_2x2_arc_4_5,xc7k70tfbg484-3,Kintex-7,28nm,Default_NoClock,0,291,0,90,0,0,N/A,16.365,6.492,9.873,29,61.11,36,55,98,OK
mult_mod_3329_2x2_arc_4_5,xc7k70tfbg484-3,Kintex-7,28nm,Area_NoClock,0,254,0,80,0,0,N/A,17.156,7.063,10.094,32,58.29,36,56,98,OK
mult_mod_3329_2x2_arc_4_5,xc7k70tfbg484-3,Kintex-7,28nm,Speed_NoClock,0,337,0,104,0,0,N/A,16.202,6.599,9.604,31,61.72,37,57,100,OK
mult_mod_3329_2x2_arc_3_1_1,xc7k70tfbg484-3,Kintex-7,28nm,Default_NoClock,0,342,0,100,0,0,N/A,22.405,6.604,15.801,36,44.63,50,55,112,OK
mult_mod_3329_2x2_arc_3_1_1,xc7k70tfbg484-3,Kintex-7,28nm,Area_NoClock,0,305,0,90,0,0,N/A,28.027,7.415,20.612,55,35.68,42,56,104,OK
mult_mod_3329_2x2_arc_3_1_1,xc7k70tfbg484-3,Kintex-7,28nm,Speed_NoClock,0,428,0,116,0,0,N/A,21.984,5.512,16.473,36,45.49,51,55,113,OK
mult_mod_3329_4x4_arc_1_st_exact,xc7k70tfbg484-3,Kintex-7,28nm,Default_NoClock,0,400,0,111,0,0,N/A,13.593,5.216,8.377,17,73.57,43,61,110,OK
mult_mod_3329_4x4_arc_1_st_exact,xc7k70tfbg484-3,Kintex-7,28nm,Area_NoClock,0,393,0,108,0,0,N/A,13.742,5.138,8.604,19,72.77,53,57,117,OK
mult_mod_3329_4x4_arc_1_st_exact,xc7k70tfbg484-3,Kintex-7,28nm,Speed_NoClock,0,404,0,108,0,0,N/A,13.767,4.548,9.219,18,72.64,43,56,106,OK
mult_mod_3329_3x3_arc_2,xc7k70tfbg484-3,Kintex-7,28nm,Default_NoClock,0,295,0,86,0,0,N/A,14.217,5.602,8.615,19,70.34,38,60,105,OK
mult_mod_3329_3x3_arc_2,xc7k70tfbg484-3,Kintex-7,28nm,Area_NoClock,0,287,0,84,0,0,N/A,15.649,5.598,10.05,22,63.9,38,61,105,OK
mult_mod_3329_3x3_arc_2,xc7k70tfbg484-3,Kintex-7,28nm,Speed_NoClock,0,273,0,79,0,0,N/A,13.882,5.674,8.208,20,72.04,37,60,105,OK
mult_mod_3329_2x2_arc_4_2,xc7k70tfbg484-3,Kintex-7,28nm,Default_NoClock,0,291,0,89,0,0,N/A,15.52,6.113,9.407,27,64.43,36,62,104,OK
mult_mod_3329_2x2_arc_4_2,xc7k70tfbg484-3,Kintex-7,28nm,Area_NoClock,0,260,0,80,0,0,N/A,17.245,6.113,11.132,28,57.99,37,56,100,OK
mult_mod_3329_2x2_arc_4_2,xc7k70tfbg484-3,Kintex-7,28nm,Speed_NoClock,0,338,0,103,0,0,N/A,15.084,5.773,9.311,25,66.3,37,61,104,OK
mult_mod_3329_2x2_arc_3_2_4_st_exact,xc7k70tfbg484-3,Kintex-7,28nm,Default_NoClock,0,319,0,89,0,0,N/A,13.947,5.315,8.632,24,71.7,37,56,99,OK
mult_mod_3329_2x2_arc_3_2_4_st_exact,xc7k70tfbg484-3,Kintex-7,28nm,Area_NoClock,0,290,0,84,0,0,N/A,15.257,5.702,9.555,24,65.54,37,61,106,OK
mult_mod_3329_2x2_arc_3_2_4_st_exact,xc7k70tfbg484-3,Kintex-7,28nm,Speed_NoClock,0,381,0,107,0,0,N/A,14.261,5.199,9.062,23,70.12,37,60,104,OK
mult_mod_3329_3x4_arc_1_1,xc7k70tfbg484-3,Kintex-7,28nm,Default_NoClock,0,354,0,101,0,0,N/A,14.206,5.383,8.823,24,70.39,43,61,110,OK
mult_mod_3329_3x4_arc_1_1,xc7k70tfbg484-3,Kintex-7,28nm,Area_NoClock,0,343,0,99,0,0,N/A,14.482,5.344,9.138,23,69.05,48,60,114,OK
mult_mod_3329_3x4_arc_1_1,xc7k70tfbg484-3,Kintex-7,28nm,Speed_NoClock,0,357,0,101,0,0,N/A,15.316,5.642,9.674,22,65.29,43,60,110,OK
,,,,,,,,,,,,,,,,,,,,
mult_mod_3329_2x2_arc_5_aig,xc7k70tfbg484-3,Kintex-7,28nm,Default_NoClock,0,504,0,140,0,0,N/A,14.056,5.095,8.962,20,71.14,42,58,108,OK
mult_mod_3329_2x2_arc_5_aig,xc7k70tfbg484-3,Kintex-7,28nm,Area_NoClock,0,490,0,139,0,0,N/A,14.147,4.823,9.324,19,70.69,44,58,110,OK
mult_mod_3329_2x2_arc_5_aig,xc7k70tfbg484-3,Kintex-7,28nm,Speed_NoClock,0,522,0,146,0,0,N/A,14.024,4.633,9.391,18,71.31,41,60,110,OK
mult_mod_3329_2x2_arc_5_exact_aig_2,xc7k70tfbg484-3,Kintex-7,28nm,Default_NoClock,0,486,0,134,0,0,N/A,14.001,5.013,8.989,19,71.42,43,57,107,OK
mult_mod_3329_2x2_arc_5_exact_aig_2,xc7k70tfbg484-3,Kintex-7,28nm,Area_NoClock,0,458,0,126,0,0,N/A,14.683,5.142,9.541,21,68.11,45,57,108,OK
mult_mod_3329_2x2_arc_5_exact_aig_2,xc7k70tfbg484-3,Kintex-7,28nm,Speed_NoClock,0,512,0,139,0,0,N/A,13.342,4.916,8.426,20,74.95,42,57,106,OK
mult_mod_3329_2x2_arc_5_exact_aig_1,xc7k70tfbg484-3,Kintex-7,28nm,Default_NoClock,0,485,0,134,0,0,N/A,13.854,5.288,8.566,21,72.18,64,62,133,OK
mult_mod_3329_2x2_arc_5_exact_aig_1,xc7k70tfbg484-3,Kintex-7,28nm,Area_NoClock,0,457,0,129,0,0,N/A,14.254,5.476,8.778,20,70.16,65,58,130,OK
mult_mod_3329_2x2_arc_5_exact_aig_1,xc7k70tfbg484-3,Kintex-7,28nm,Speed_NoClock,0,511,0,141,0,0,N/A,13.977,5.146,8.831,20,71.55,65,61,133,OK
mult_mod_3329_2x2_arc_5_exact,xc7k70tfbg484-3,Kintex-7,28nm,Default_NoClock,0,489,0,134,0,0,N/A,13.579,5.231,8.348,19,73.64,44,62,112,OK
mult_mod_3329_2x2_arc_5_exact,xc7k70tfbg484-3,Kintex-7,28nm,Area_NoClock,0,472,0,134,0,0,N/A,15.247,5.041,10.206,21,65.59,51,61,119,OK
mult_mod_3329_2x2_arc_5_exact,xc7k70tfbg484-3,Kintex-7,28nm,Speed_NoClock,0,517,0,146,0,0,N/A,14.263,5.273,8.99,21,70.11,45,57,109,OK
